id;name;address;city
1;Asistente;invoice Asociado Cataluña;Pawtucket
2;Respuesta calculate;e-tailers;Logroño Horacio
3;invoice;quantifying navigating;Guadalajara Silvia
4;Avon optical Estratega;por reintermediate compuesto;Malaveberg
5;tangible;COM;Fort Pierce
6;withdrawal Atún;Navarra Negro parsing;Alcobendas Aliciamouth
7;compress Ladrillo Profundo;protocol;Ávila Reinaview
8;Caribbean;Videojuegos Guantes Puerta;Wylie
9;disintermediate;wireless payment deposit;Barcelona Carla
10;Universal Investment;Account Pizza Librería;Benavídezville
